"{'logfoldchanges': array([(0.24401829, 2.1617002 , 1.1538519 , 2.5569043 , 2.8424153 , 2.2641437 , 1.6187358 ,  8.189935  ),
       (1.3310748 , 3.380621  , 5.335331  , 2.4690895 , 4.027165  , 2.123585  , 1.605716  ,  7.1801014 ),
       (0.32901862, 4.152541  , 1.7095386 , 2.7952988 , 4.5936017 , 2.098492  , 1.4545734 ,  2.3347185 ),
       (0.23756358, 2.4670095 , 3.4066918 , 0.14367315, 2.5251567 , 1.3606874 , 1.6380956 ,  2.3281536 ),
       (0.19019972, 0.7654325 , 1.6937953 , 1.1813663 , 3.8286734 , 3.2665257 , 0.9737914 ,  0.88856894),
       (0.19822787, 3.2322805 , 4.668511  , 2.632483  , 3.0825388 , 1.1444069 , 2.594582  ,  1.870858  ),
       (0.18249384, 2.5526383 , 3.413557  , 0.2787287 , 3.0491345 , 0.6415401 , 1.8136883 ,  7.8055067 ),
       (1.8196998 , 1.0478009 , 0.9675336 , 1.9000472 , 0.37975803, 2.7564461 , 6.9654818 ,  6.105063  ),
       (0.3260357 , 0.6579974 , 1.7303821 , 0.28658202, 4.404396  , 1.4027636 , 1.8861563 ,  5.9122195 ),
       (0.27961466, 4.5066104 , 3.1582108 , 3.768288  , 0.19320421, 1.5188346 , 2.0433056 ,  2.2056942 ),
       (0.24753119, 1.9598166 , 1.6248324 , 1.0606108 , 0.3841075 , 0.6646369 , 2.3021364 ,  0.8750648 ),
       (0.19679712, 0.8533633 , 1.8570117 , 0.7789358 , 2.3900151 , 2.5011137 , 2.929996  ,  0.8275874 ),
       (0.24171288, 1.941242  , 5.4877963 , 2.2608302 , 2.6898215 , 1.4911616 , 1.0930021 ,  2.1070156 ),
       (0.34248346, 2.3638544 , 0.16979775, 0.86034167, 4.691169  , 1.434745  , 1.3439022 ,  0.5038529 ),
       (0.16593942, 2.4613914 , 6.331963  , 2.9603498 , 2.288731  , 0.60913503, 5.8553505 , 10.723039  ),
       (0.20922162, 0.6427598 , 2.0612535 , 1.6856658 , 0.37874606, 2.4934118 , 1.7539243 ,  8.010999  ),
       (0.3003569 , 2.0941133 , 0.21049456, 0.23912092, 1.4097441 , 2.046406  , 1.9182942 ,  7.6273265 ),
       (0.16948965, 2.376928  , 0.28636697, 2.8970141 , 1.6671675 , 0.747949  , 1.3967779 ,  6.255117  ),
       (0.46140167, 1.677198  , 0.21057041, 0.10677097, 0.69865596, 2.3891666 , 0.6844736 ,  5.9839997 ),
       (0.17401181, 1.3936926 , 6.574758  , 1.8631437 , 3.5799458 , 1.9906087 , 1.3098681 ,  1.1149569 ),
       (0.20828399, 1.5459894 , 3.4006157 , 0.7776226 , 1.0027806 , 3.7292325 , 2.7468498 ,  3.8189025 ),
       (0.14733186, 1.2732364 , 2.4438627 , 0.30524158, 1.2825519 , 1.7980721 , 2.076133  ,  0.80413944),
       (0.22064807, 1.5957124 , 0.6958163 , 3.0796492 , 2.9008083 , 2.7728462 , 1.2790484 , 11.063777  ),
       (0.22134876, 2.1619163 , 4.033579  , 0.8302309 , 0.3718202 , 2.5139894 , 1.6000308 , 10.320424  ),
       (0.1412068 , 0.696709  , 3.2181299 , 1.0199463 , 3.193338  , 3.6363974 , 1.2214494 ,  7.1575685 ),
       (0.2819728 , 1.8823264 , 0.7750417 , 0.7688183 , 1.4253762 , 0.28223342, 1.110361  ,  4.7840257 ),
       (0.3508077 , 3.0840604 , 0.46650714, 0.26858154, 1.5633833 , 1.7105186 , 1.83352   ,  1.874552  ),
       (1.0415133 , 1.5051558 , 0.10235467, 1.7610093 , 4.696241  , 1.5678796 , 0.2310099 ,  4.0949626 ),
       (0.2650217 , 2.973493  , 0.1508697 , 1.4220066 , 0.43395513, 1.7708918 , 2.0410645 ,  2.3735902 ),
       (1.6211584 , 2.383056  , 0.10893232, 1.2115918 , 0.4642514 , 2.2812824 , 1.735477  ,  3.6977172 ),
       (0.22548969, 0.6051904 , 0.9695771 , 1.9787264 , 2.987283  , 0.6700202 , 1.3331062 ,  0.8507554 ),
       (0.3376046 , 5.124093  , 0.14908719, 0.9634248 , 5.0247073 , 0.13830285, 1.7847681 ,  1.3241566 ),
       (0.2875155 , 4.3598003 , 5.9406724 , 2.0183926 , 4.516927  , 1.4296107 , 0.63011146,  0.27164716),
       (0.13337703, 1.4904501 , 0.13995653, 0.22895001, 0.7875738 , 0.6376263 , 1.3363425 ,  3.6262248 ),
       (0.16633157, 1.5829082 , 1.7480183 , 0.3834203 , 1.1205006 , 2.753149  , 1.7075534 ,  1.2431656 ),
       (0.23879579, 1.8268176 , 1.8292392 , 0.48728815, 0.9853347 , 2.9246042 , 0.8860394 ,  2.7684207 ),
       (0.18307973, 2.6327949 , 0.13642357, 1.8922882 , 1.7384093 , 0.76739496, 1.936277  ,  3.076401  ),
       (0.31746015, 1.9154625 , 0.1265157 , 0.34701464, 1.016575  , 0.886838  , 0.46847597, 10.166329  ),
       (0.2950335 , 2.771495  , 1.3819395 , 0.5037402 , 1.6623812 , 2.3281503 , 2.9555385 ,  9.066121  ),
       (0.24614279, 0.9949693 , 0.58050746, 0.26971635, 3.8584607 , 0.55337006, 0.44224763,  6.9812107 ),
       (1.3014688 , 2.798678  , 0.2743748 , 0.17341182, 0.7506098 , 0.95005274, 1.2857878 ,  1.3332872 ),
       (0.0936146 , 2.4517114 , 2.7639685 , 0.47408307, 0.6577787 , 3.2136288 , 2.0043151 ,  1.5033824 ),
       (1.8212392 , 1.6995224 , 0.14097574, 2.237912  , 0.34224665, 1.2755588 , 1.0058222 ,  4.640571  ),
       (0.22443756, 0.5206413 , 3.153507  , 0.71458554, 2.4515522 , 2.2044156 , 0.822725  ,  4.0692253 ),
       (0.18843764, 2.7338874 , 0.19585356, 0.8862573 , 5.658218  , 0.3686803 , 2.5141177 ,  3.7186837 ),
       (0.36137208, 0.68236494, 5.6560054 , 1.5791695 , 1.2688719 , 1.2495631 , 1.0943033 ,  1.659279  ),
       (0.52696115, 1.5326359 , 0.10260616, 0.5874043 , 1.2615079 , 2.1455343 , 0.6825784 ,  3.2764766 ),
       (0.14878765, 2.4669209 , 3.809729  , 0.65576977, 1.0088043 , 3.416041  , 1.4224769 ,  1.165448  ),
       (0.19100119, 1.157167  , 6.0527835 , 1.6930971 , 0.6490568 , 1.5137264 , 0.15025312,  8.94262   ),
       (0.12498461, 0.17091696, 0.44788247, 2.4567788 , 0.69762135, 0.98966426, 2.3584938 ,  7.7048597 ),
       (0.6855004 , 0.5428618 , 0.10874676, 0.1274257 , 1.8385578 , 2.1753926 , 1.7607515 ,  2.5827463 ),
       (1.4959856 , 0.57244366, 5.0443106 , 0.07863722, 3.7872496 , 0.5987846 , 1.1903843 ,  7.4394226 ),
       (0.35317323, 3.091451  , 1.7529616 , 0.8329567 , 0.8219751 , 2.0315945 , 1.5376071 ,  6.6625633 ),
       (0.1862839 , 0.9439689 , 4.3371167 , 2.31485   , 1.2813159 , 0.682434  , 3.3543894 ,  5.9533477 ),
       (0.14249131, 2.4215112 , 3.1349967 , 0.7708168 , 1.8841321 , 1.2285205 , 1.2172507 ,  5.1143365 ),
       (0.2043736 , 1.617717  , 2.7406392 , 0.839165  , 0.9595209 , 1.2827468 , 0.2624819 ,  4.0603848 ),
       (0.101252  , 0.50222754, 2.5949798 , 0.7020993 , 4.491253  , 2.3722095 , 0.761221  ,  3.612736  ),
       (0.35274208, 3.4903803 , 5.336942  , 1.1335323 , 0.43403152, 0.54952323, 1.2078053 ,  0.6289091 ),
       (0.213469  , 1.2864709 , 4.4150743 , 0.48113254, 1.0800394 , 1.5087415 , 2.385894  ,  1.938551  ),
       (0.1646428 , 2.2576046 , 0.10866545, 0.1458496 , 3.36448   , 1.6501536 , 1.7379824 ,  3.0507438 ),
       (0.19951044, 2.508425  , 1.4605254 , 0.39067197, 1.9414649 , 1.41311   , 1.3624951 ,  9.837097  ),
       (0.21920106, 3.1724517 , 0.2384903 , 1.5875379 , 1.278118  , 1.3549724 , 1.1085759 ,  6.8524365 ),
       (0.40116483, 0.80555004, 0.08443838, 0.6405896 , 2.2536907 , 2.8656013 , 0.26461998,  6.64843   ),
       (0.10856929, 2.874735  , 3.7520566 , 0.08238663, 4.8921175 , 1.4482065 , 4.6337347 ,  0.5528402 ),
       (0.19359386, 1.3986813 , 0.11323789, 0.9087106 , 1.3724909 , 3.176493  , 3.4946685 ,  6.0776196 ),
       (0.46409273, 0.28164798, 0.14217144, 0.13951546, 0.34482822, 2.6999817 , 2.7550435 ,  2.6359994 ),
       (0.37887383, 0.4392054 , 4.1255555 , 0.5673853 , 0.6997919 , 4.7268796 , 1.2050664 ,  5.4810996 ),
       (0.56163055, 3.3551428 , 0.07616325, 0.08419412, 0.3834811 , 1.0122433 , 1.9685718 ,  2.4824507 ),
       (0.33230564, 0.1834568 , 0.15541488, 1.1833707 , 1.7825686 , 2.4372098 , 2.4479609 ,  1.7977995 ),
       (0.22769268, 1.1599517 , 4.795001  , 0.8636307 , 1.1649032 , 1.100848  , 1.5521146 ,  1.1061769 ),
       (1.024423  , 1.5517753 , 0.23511451, 0.8286364 , 0.43351305, 1.1599176 , 0.45829448,  1.6571541 ),
       (0.12344314, 0.08973099, 3.0634997 , 1.1383917 , 0.69731724, 1.6359276 , 0.40964168,  4.3784924 ),
       (0.3285546 , 1.1082854 , 0.10517163, 0.26066145, 1.2177726 , 0.8343349 , 1.2947695 ,  2.0565364 ),
       (0.4136344 , 2.6327865 , 0.20102961, 1.3992025 , 1.085274  , 0.6675039 , 1.2917712 ,  4.067037  ),
       (0.19770283, 2.8697295 , 0.6122735 , 3.829823  , 1.5485324 , 1.1654291 , 0.45002952,  1.7910091 ),
       (0.11446112, 0.6326297 , 0.1065715 , 0.21806096, 1.3263351 , 1.032781  , 0.96924233,  2.773414  ),
       (1.5711734 , 3.9869483 , 0.07072244, 0.40183905, 5.110475  , 1.6938298 , 1.7052323 , 30.304295  ),
       (0.21179853, 1.5191071 , 0.08577271, 0.4048508 , 0.15020359, 1.6486906 , 1.1663349 ,  8.731555  ),
       (0.1604214 , 0.31193966, 0.09411527, 0.20494938, 1.879746  , 1.6570171 , 1.4257686 ,  2.6867871 ),
       (0.64865917, 2.3370502 , 3.2063084 , 0.40060407, 4.0552573 , 1.1634129 , 1.1200553 ,  2.6815977 ),
       (0.25376555, 1.7158847 , 2.5854292 , 0.19335261, 0.33562696, 1.0364342 , 3.2749374 ,  8.1961    ),
       (2.0336907 , 3.1303372 , 0.14304632, 0.2786527 , 0.4104711 , 0.14374036, 7.5521994 ,  2.9449818 ),
       (0.1265787 , 0.4557467 , 4.9587474 , 0.28957072, 2.0296752 , 1.5272446 , 1.828017  ,  6.842844  ),
       (0.20780385, 1.1032152 , 0.06974109, 0.8932395 , 1.0217711 , 1.8253784 , 1.0440984 ,  6.1195703 ),
       (0.8038551 , 1.0239437 , 3.0703244 , 0.17864758, 1.4408569 , 2.3642263 , 1.6115615 ,  0.9476043 ),
       (0.09949726, 0.13233769, 0.24173215, 0.339541  , 0.8717459 , 4.083793  , 0.8587537 ,  6.1305    ),
       (1.26384   , 2.4535668 , 0.1287006 , 1.2046447 , 1.1842545 , 0.14422506, 0.89887005,  2.7743506 ),
       (2.5817254 , 3.7338915 , 5.3914485 , 0.4682036 , 2.2574449 , 2.8943095 , 0.4068606 ,  1.7037251 ),
       (1.8780487 , 0.5509561 , 5.2990613 , 0.60229295, 0.3185927 , 2.0575275 , 2.135673  ,  1.1132817 ),
       (1.1616989 , 1.8870867 , 0.12075838, 1.6239389 , 2.2436676 , 2.7889082 , 0.8278103 ,  0.7843518 ),
       (0.10921829, 3.8247519 , 0.10082725, 0.9605495 , 4.509187  , 1.6213332 , 0.5103346 ,  0.43227807),
       (0.29049674, 1.2583352 , 0.09593082, 0.8479914 , 1.5634333 , 5.293826  , 1.2616457 ,  4.178392  ),
       (0.459467  , 0.883128  , 0.5828371 , 0.50000036, 2.432067  , 2.4389775 , 1.4553028 ,  4.149989  ),
       (0.7734982 , 1.6494868 , 5.5501704 , 0.63416195, 2.2603338 , 1.4854518 , 0.8701191 ,  2.4748447 ),
       (0.08774467, 1.3216864 , 0.12703097, 0.66289914, 0.6488092 , 3.7082725 , 0.25412765,  3.6500952 ),
       (0.56592906, 1.0449245 , 3.599258  , 0.32081473, 0.80289215, 1.4866651 , 1.7257062 ,  1.925989  ),
       (0.91940004, 3.159922  , 4.599146  , 0.49490136, 1.2952142 , 0.9796475 , 1.5147284 ,  1.1967263 ),
       (0.52929896, 0.9088907 , 3.724896  , 0.8739703 , 0.71002984, 0.43847284, 6.4526043 ,  1.4219683 ),
       (2.8369272 , 3.0887082 , 0.05865792, 0.57396704, 2.0763304 , 2.2394593 , 1.7227901 ,  9.610687  ),
       (0.08055177, 0.3642301 , 0.76044035, 0.34738958, 0.9698262 , 2.7297115 , 1.3657479 ,  8.676389  )],
      dtype=[('CD4 T', '<f4'), ('CD14+ Monocytes', '<f4'), ('B', '<f4'), ('CD8 T', '<f4'), ('NK', '<f4'), ('FCGR3A+ Monocytes', '<f4'), ('Dendritic', '<f4'), ('Megakaryocytes', '<f4')]), 'names': array([('RPS12', 'LYZ', 'CD74', 'CCL5', 'NKG7', 'LST1', 'HLA-DPA1', 'PF4'),
       ('LDHB', 'S100A9', 'CD79A', 'NKG7', 'GNLY', 'FCER1G', 'HLA-DPB1', 'PPBP'),
       ('RPS25', 'S100A8', 'HLA-DRA', 'CST7', 'GZMB', 'AIF1', 'HLA-DRA', 'CALM3'),
       ('RPS27', 'TYROBP', 'CD79B', 'B2M', 'CTSW', 'COTL1', 'HLA-DRB1', 'GPX1'),
       ('RPS6', 'FTL', 'HLA-DPB1', 'IL32', 'PRF1', 'FCGR3A', 'CD74', 'MYL6'),
       ('RPS3', 'FCN1', 'MS4A1', 'GZMA', 'CST7', 'IFITM2', 'HLA-DQA1', 'TAGLN2'),
       ('RPS14', 'CST3', 'HLA-DQA1', 'HLA-C', 'GZMA', 'FTH1', 'CST3', 'SDPR'),
       ('CD3D', 'S100A6', 'CD37', 'CTSW', 'HLA-C', 'IFITM3', 'FCER1A', 'NRGN'),
       ('RPL31', 'FTH1', 'HLA-DRB1', 'HLA-A', 'FGFBP2', 'SAT1', 'HLA-DRB5', 'RGS18'),
       ('RPL30', 'LGALS2', 'HLA-DQB1', 'GZMK', 'B2M', 'PSAP', 'HLA-DMA', 'CCL5'),
       ('TPT1', 'LGALS1', 'HLA-DPA1', 'CD3D', 'HLA-A', 'FTL', 'HLA-DQB1', 'SH3BGRL3'),
       ('RPL3', 'S100A4', 'HLA-DRB5', 'PTPRCAP', 'CD247', 'SERPINA1', 'HLA-DQA2', 'OAZ1'),
       ('RPS15A', 'GSTP1', 'TCL1A', 'LYAR', 'FCGR3A', 'CTSS', 'LSP1', 'RGS10'),
       ('RPS27A', 'AIF1', 'RPL18A', 'HCST', 'SPON2', 'S100A11', 'LYZ', 'ACTB'),
       ('RPL32', 'TYMP', 'LINC00926', 'CD8A', 'GZMM', 'OAZ1', 'CLEC10A', 'GP9'),
       ('RPLP2', 'OAZ1', 'HLA-DMA', 'GZMM', 'HLA-B', 'CD68', 'AP1S2', 'GNG11'),
       ('RPL9', 'GPX1', 'RPS23', 'HLA-B', 'PLAC8', 'TIMP1', 'GRN', 'SPARC'),
       ('RPS18', 'LST1', 'RPS11', 'KLRG1', 'CD7', 'S100A4', 'GPX1', 'CD9'),
       ('RPS29', 'CTSS', 'RPS5', 'MALAT1', 'UBB', 'CFD', 'VIM', 'HIST1H2AC'),
       ('EEF1A1', 'SAT1', 'VPREB3', 'PRF1', 'CCL4', 'CEBPB', 'GSTP1', 'ARPC1B'),
       ('RPL27A', 'S100A11', 'HLA-DQA2', 'CD99', 'SRGN', 'MS4A7', 'CPVL', 'TPM4'),
       ('RPL13', 'COTL1', 'HLA-DMB', 'MYL12A', 'ITGB2', 'CST3', 'HLA-DMB', 'MYL12A'),
       ('RPL21', 'PSAP', 'LTB', 'GZMH', 'HOPX', 'RHOC', 'ANXA2', 'AP001189.4'),
       ('RPL23A', 'FCER1G', 'BANK1', 'RARRES3', 'PFN1', 'SPI1', 'H2AFY', 'ITGA2B'),
       ('RPL13A', 'CYBA', 'HVCN1', 'LCK', 'GZMH', 'RP11-290F20.3', 'LGALS1', 'CLU'),
       ('RPS3A', 'NPC2', 'CXCR4', 'CD3E', 'ID2', 'ACTB', 'GABARAP', 'RUFY1'),
       ('RPS20', 'CFD', 'LAPTM5', 'HLA-E', 'CD63', 'TYROBP', 'LGALS2', 'H3F3A'),
       ('LTB', 'GABARAP', 'RPL13A', 'HOPX', 'CLIC3', 'NPC2', 'ACTB', 'NGFRAP1'),
       ('RPS28', 'GRN', 'RPS8', 'APOBEC3G', 'HLA-E', 'TYMP', 'CTSH', 'PRDX6'),
       ('CD3E', 'AP1S2', 'RPL15', 'DUSP2', 'MYL12A', 'STXBP2', 'FCGRT', 'ILK'),
       ('RPL35A', 'GAPDH', 'ISG20', 'CD8B', 'APMAP', 'ARPC3', 'AP2S1', 'ITM2B'),
       ('RPSA', 'CD14', 'RPL8', 'CD2', 'XCL2', 'TMSB4X', 'CAPG', 'OST4'),
       ('RPS13', 'MS4A6A', 'FCER2', 'SAMD3', 'KLRD1', 'LGALS1', 'ARPC1B', 'TMSB4X'),
       ('RPL11', 'TSPO', 'RPL18', 'UBC', 'PTPRCAP', 'YBX1', 'TYMP', 'NCOA4'),
       ('RPS4X', 'RAC1', 'SNX2', 'CALM1', 'RARRES3', 'IFI30', 'SPI1', 'SAT1'),
       ('RPS10', 'PYCARD', 'LY86', 'ANXA1', 'HCST', 'HCK', 'SRGN', 'CDKN2D'),
       ('RPL14', 'LGALS3', 'RPL10A', 'CCL4', 'CTSC', 'S100A6', 'RNF130', 'FERMT3'),
       ('RPLP0', 'TKT', 'RPS27', 'MYL12B', 'CD99', 'LY6E', 'GAPDH', 'TMEM40'),
       ('RPL36', 'CD68', 'SNHG7', 'GIMAP7', 'CCL5', 'BID', 'CD33', 'PTCRA'),
       ('RPL5', 'NEAT1', 'PTPRCAP', 'DDX5', 'IGFBP7', 'MYL6', 'ACTG1', 'TUBB1'),
       ('IL32', 'CEBPD', 'CD52', 'PFN1', 'CLIC1', 'NEAT1', 'FCER1G', 'ARPC5'),
       ('RPL10', 'SERPINA1', 'IRF8', 'CD53', 'IFITM2', 'PILRA', 'LAP3', 'FKBP1A'),
       ('IL7R', 'TALDO1', 'GNB2L1', 'NCR3', 'CFL1', 'FKBP1A', 'TAGLN2', 'MPP1'),
       ('RPS23', 'SH3BGRL3', 'EAF2', 'ID2', 'TPST2', 'CFP', 'COTL1', 'ACTN1'),
       ('RPS16', 'CFP', 'RPSA', 'CD247', 'AKR1C3', 'PFN1', 'RNASE6', 'GRAP2'),
       ('JUNB', 'ARPC1B', 'TSPAN13', 'C12orf75', 'RAP1B', 'HLA-DPA1', 'RAC1', 'PKM'),
       ('NPM1', 'IFI6', 'RPL12', 'IL2RG', 'FCER1G', 'FGR', 'EIF4A1', 'CTSA'),
       ('MALAT1', 'FCGRT', 'PDLIM1', 'BIN2', 'IFITM1', 'LRRC25', 'RNH1', 'NAP1L1'),
       ('RPL10A', 'HLA-DRA', 'FCRLA', 'FGFBP2', 'CALM1', 'PYCARD', 'TMSB10', 'TREML1'),
       ('RPL19', 'TMSB10', 'LIMD2', 'TIGIT', 'RAC2', 'SRGN', 'KLF4', 'MYL9'),
       ('TMEM66', 'ARPC3', 'RPL29', 'MT-CYB', 'APOBEC3G', 'BRI3', 'CFP', 'TUBA4A'),
       ('NOSIP', 'VIM', 'HLA-DOB', 'RPS3', 'IL2RB', 'ARPC2', 'PYCARD', 'ACRBP'),
       ('RPL36A', 'NCF2', 'NCF1', 'YWHAQ', 'CD53', 'FAM26F', 'AMICA1', 'CA2'),
       ('RPL18', 'SRGN', 'GNG7', 'MATK', 'PDIA3', 'ARPC1B', 'PHACTR1', 'SNCA'),
       ('RPS15', 'SPI1', 'PPAPDC1B', 'LITAF', 'RHOC', 'PRELID1', 'TYROBP', 'PGRMC1'),
       ('RPS5', 'AP2S1', 'CYB561A3', 'CTSC', 'BST2', 'ANXA2', 'FTH1', 'PDLIM1'),
       ('RPS2', 'ATP5G2', 'SMIM14', 'HLA-F', 'TTC38', 'ABI3', 'S100A10', 'ODC1'),
       ('RPS26', 'CDA', 'PKIG', 'ARPC5L', 'ARPC2', 'CYBA', 'LST1', 'PPDPF'),
       ('RPL17', 'ANXA2', 'BLK', 'IFITM1', 'TYROBP', 'TKT', 'IGSF6', 'LAMTOR1'),
       ('RPS8', 'IFITM3', 'FAU', 'RPS27A', 'MATK', 'ANXA5', 'LY86', 'CAPN1'),
       ('RPL7', 'BRI3', 'FAIM3', 'HSP90AA1', 'ARPC5L', 'C10orf54', 'ARF5', 'SEPT5'),
       ('RPL4', 'BLVRB', 'RPS21', 'CHST12', 'DHRS7', 'RHOG', 'TUBA1B', 'PTGS1'),
       ('RPS21', 'S100A10', 'RPS18', 'SEPT7', 'C12orf75', 'LILRA5', 'RPS11', 'F13A1'),
       ('RPLP1', 'IFI30', 'CD40', 'MT-CO3', 'PRSS23', 'CSTB', 'CD1C', 'SERF2'),
       ('RPL35', 'C1orf162', 'RPL23A', 'MYO1F', 'PPP1R18', 'LILRB2', 'PLD4', 'MMD'),
       ('RPL22', 'MT-ND1', 'RPL9', 'CFL1', 'SERF2', 'WARS', 'IL1B', 'DNAJB6'),
       ('BTG1', 'SERF2', 'P2RX5', 'RAP1B', 'UCP2', 'HES4', 'LAMTOR1', 'TPM1'),
       ('RPSAP58', 'NUP214', 'RPL19', 'RPL23A', 'CYBA', 'CALM2', 'SPINT2', 'YWHAH'),
       ('RPL38', 'ACTB', 'RPS13', 'GZMB', 'EFHD2', 'LYN', 'ALDH2', 'DYNLL1'),
       ('RPL24', 'HLA-DRB1', 'CD72', 'LAT', 'SEPT7', 'GABARAP', 'BID', 'SRGN'),
       ('AES', 'CEBPB', 'EEF2', 'SUN2', 'TXNIP', 'DRAP1', 'CYBA', 'TIMP1'),
       ('RPS19', 'TMSB4X', 'MARCH1', 'FYN', 'PSME2', 'CARD16', 'MYL6', 'PARVB'),
       ('EEF1B2', 'PRELID1', 'RPL7A', 'HSPA8', 'LITAF', 'LYZ', 'ANXA5', 'ASAH1'),
       ('GLTSCR2', 'RNF130', 'EEF1B2', 'APMAP', 'PSMB10', 'EMP3', 'PGLS', 'SNN'),
       ('RPL27', 'TNFSF13B', 'SNX3', 'LAG3', 'ALOX5AP', 'HLA-DRB1', 'SLC25A6', 'RAP1B'),
       ('RPL18A', 'EIF4A1', 'RPL21', 'PPIA', 'XBP1', 'TPI1', 'PRELID1', 'LIMS1'),
       ('CD2', 'CSF3R', 'RPL13', 'GUK1', 'XCL1', 'CASP1', 'IFI30', 'LY6G6F'),
       ('RPL37A', 'ATP6V0B', 'RPS19', 'GIMAP4', 'ACTB', 'RGS2', 'C1orf162', 'CMTM5'),
       ('RPL7A', 'PFDN5', 'RPLP2', 'PSME1', 'PLEK', 'VASP', 'SAMHD1', 'H2AFJ'),
       ('HINT1', 'CTSB', 'QRSL1', 'PTPRC', 'S1PR5', 'ISG15', 'CSTB', 'TPST2'),
       ('RPL34', 'RGS2', 'PLEKHF2', 'SH3BGRL3', 'MYL6', 'RNASET2', 'GSN', 'GP1BA'),
       ('CD27', 'SLC7A7', 'RPL37A', 'ZFP36L2', 'PSME1', 'MT-CO1', 'SERPINF1', 'RSU1'),
       ('RPS7', 'CD74', 'SPIB', 'CLIC1', 'ZAP70', 'MT2A', 'MS4A6A', 'RP11-367G6.3'),
       ('RPL37', 'NFKBIA', 'RPS7', 'CD3G', 'BIN2', 'ASAH1', 'AIF1', 'GAS2L1'),
       ('GIMAP7', 'FKBP1A', 'MEF2C', 'UBB', 'MYO1F', 'NINJ1', 'LGALS9', 'GPX4'),
       ('RPL6', 'MT-CO1', 'GLTSCR2', 'TMBIM6', 'CCND3', 'LILRA3', 'S100A11', 'TSC22D1'),
       ('LCK', 'CTSH', 'RPL37', 'ZAP70', 'ANXA6', 'RPS19', 'RNASET2', 'MAX'),
       ('CCR7', 'ALDH2', 'IGLL5', 'CCND3', 'SAMD3', 'C5AR1', 'SH3BGRL3', 'TALDO1'),
       ('PIK3IP1', 'ALDOA', 'PNOC', 'STK17A', 'SH3BGRL3', 'NAAA', 'TGFBI', 'CD99'),
       ('CD7', 'CAPG', 'RPL5', 'SH2D1A', 'CD300A', 'C19orf38', 'EIF3L', 'HMGB1'),
       ('RPL12', 'FPR1', 'RPL35', 'HSPA5', 'GPR56', 'CTSC', 'PPIA', 'ACTG1'),
       ('RPS4Y1', 'HLA-DRB5', 'RPS10', 'C9orf142', 'ARL4C', 'CDKN1C', 'RGS2', 'GSN'),
       ('JUN', 'LAMTOR4', 'PLAC8', 'IL7R', 'NCR3', 'FGL2', 'CEBPD', 'MARCH2'),
       ('EVL', 'LINC00936', 'KIAA0125', 'ANXA6', 'CHST12', 'PTPN6', 'VAMP8', 'NENF'),
       ('RPL28', 'TIMP1', 'RPS3A', 'PPP1R18', 'PPP1CA', 'HMOX1', 'PFN1', 'HIST1H2BK'),
       ('ZFP36L2', 'ISG15', 'SWAP70', 'SRGN', 'IL2RG', 'FCN1', 'POMP', 'WDR1'),
       ('TMEM123', 'APOBEC3A', 'BLNK', 'CD7', 'CTSD', 'S100A9', 'CYC1', 'ARF1'),
       ('HSPA8', 'FOSB', 'CD22', 'ARL4C', 'DRAP1', 'SH3BGRL3', 'ENHO', 'C9orf16'),
       ('LEF1', 'MNDA', 'RPL11', 'DHRS7', 'C5orf56', 'TNFRSF1B', 'TPM4', 'C2orf88'),
       ('RPL15', 'MYL6', 'POLD4', 'HNRNPK', 'NDUFB2', 'MAFB', 'APEX1', 'CLEC1B')],
      dtype=[('CD4 T', '<U50'), ('CD14+ Monocytes', '<U50'), ('B', '<U50'), ('CD8 T', '<U50'), ('NK', '<U50'), ('FCGR3A+ Monocytes', '<U50'), ('Dendritic', '<U50'), ('Megakaryocytes', '<U50')]), 'params': {'corr_method': 'benjamini-hochberg', 'groupby': 'louvain', 'method': 'wilcoxon', 'reference': 'rest', 'use_raw': True}, 'pvals': array([(2.55868696e-224, 9.57083998e-250, 2.48714504e-183, 2.43206935e-124, 7.23818001e-93, 1.22976360e-88, 5.42241741e-21, 2.26492548e-11),
       (2.94438605e-218, 7.38995939e-249, 1.67973047e-170, 2.00239505e-107, 3.62759925e-87, 3.43081232e-84, 7.59185976e-21, 2.26492548e-11),
       (2.11876657e-200, 7.54924497e-241, 6.94969456e-167, 2.52434012e-082, 5.16153394e-85, 5.14466079e-82, 1.30676794e-19, 3.59160813e-11),
       (8.08626189e-185, 1.13146685e-222, 2.56913512e-154, 6.71447949e-081, 2.01205341e-83, 4.76121742e-81, 1.86510422e-19, 6.35263059e-11),
       (1.54719345e-183, 2.68994922e-215, 3.58073529e-148, 6.62347949e-074, 1.35326800e-82, 8.81236752e-79, 5.85316062e-19, 2.43229057e-10),
       (2.06102184e-177, 9.16111189e-212, 6.29903634e-141, 3.14158259e-073, 1.20502184e-75, 5.00145042e-78, 5.88226257e-19, 3.98638019e-10),
       (4.62036207e-169, 2.12434220e-211, 8.01593178e-141, 4.67036500e-070, 6.68816605e-75, 3.25220614e-75, 8.00322556e-19, 4.46377828e-10),
       (1.30835704e-167, 6.30948864e-204, 2.42794962e-131, 1.98426396e-063, 9.83640367e-72, 9.01196503e-74, 1.20785682e-17, 4.70251765e-10),
       (4.68336558e-164, 7.26264326e-203, 4.95021992e-131, 3.75503962e-055, 3.99422278e-71, 2.36477367e-72, 2.60703158e-17, 5.18980968e-10),
       (1.29487961e-161, 1.74128485e-200, 1.68617141e-130, 1.75617319e-051, 5.16777774e-70, 1.26614716e-68, 1.69231239e-15, 2.02633806e-09),
       (1.91140792e-159, 1.06453762e-195, 2.49498771e-124, 1.30274143e-048, 1.68993916e-56, 5.68175245e-68, 2.12293164e-15, 2.74694382e-09),
       (1.33749623e-156, 9.48466748e-179, 1.40706898e-087, 8.24577580e-042, 9.02709966e-56, 1.73749608e-66, 2.63266239e-13, 2.81620325e-09),
       (1.35602542e-156, 4.14832602e-178, 7.59347732e-075, 1.61915653e-038, 2.89310666e-51, 1.05655114e-65, 5.29309995e-13, 3.08819823e-09),
       (4.26484065e-155, 7.66140366e-175, 1.73466906e-067, 4.98542233e-034, 3.15997662e-48, 5.19396537e-65, 6.68554847e-13, 4.43277046e-09),
       (9.08006834e-154, 5.33958451e-173, 1.22356452e-062, 4.20029951e-033, 1.70213735e-46, 3.89152659e-62, 1.77371488e-12, 6.84165342e-09),
       (1.86163081e-152, 4.20258248e-171, 1.17916632e-061, 5.20838489e-033, 5.83558221e-46, 5.77510717e-60, 2.13914421e-12, 7.16772321e-09),
       (7.40188297e-151, 1.41031566e-170, 1.21672518e-051, 3.13055713e-032, 3.16260723e-44, 2.42723862e-59, 3.22659646e-12, 7.40341615e-09),
       (1.35181092e-146, 1.97518094e-169, 5.99355314e-051, 7.04190194e-030, 1.89985304e-43, 6.08853226e-58, 4.49530066e-12, 8.05853876e-09),
       (1.15166471e-145, 4.56454357e-168, 2.77824703e-049, 1.53416321e-026, 6.73649320e-42, 1.93257742e-56, 5.07835346e-12, 8.15661283e-09),
       (2.29166580e-145, 9.00429321e-152, 5.52225201e-048, 1.19316298e-023, 4.68564170e-40, 1.82928866e-55, 7.58988851e-12, 1.16099633e-08),
       (1.43292324e-138, 6.24662218e-151, 6.10129881e-047, 3.24116951e-023, 1.75156030e-39, 6.18563125e-55, 5.69169170e-11, 1.42231008e-08),
       (2.02899354e-138, 2.89451729e-149, 6.78226684e-044, 1.05518620e-022, 2.31548405e-38, 1.24999477e-54, 1.66474599e-10, 3.54596948e-08),
       (2.79905259e-132, 6.96467044e-148, 2.58041279e-043, 1.69671288e-022, 2.13498613e-35, 1.95030732e-54, 1.95989317e-10, 8.83194399e-08),
       (1.32460491e-131, 1.54945636e-144, 1.78173270e-042, 3.75299325e-022, 4.07624410e-35, 2.73112258e-54, 2.71920200e-10, 8.90689927e-08),
       (3.40654449e-130, 3.42157096e-142, 3.97904040e-040, 2.13516255e-021, 3.49486478e-32, 3.48416786e-54, 5.65107173e-10, 1.02506608e-07),
       (6.14699802e-129, 5.69005812e-140, 3.48917007e-035, 2.31293209e-019, 4.37534906e-32, 4.41644878e-53, 9.99915993e-10, 1.36394266e-07),
       (2.77291036e-124, 3.28627175e-131, 4.99523954e-035, 1.23368821e-017, 1.42187779e-31, 2.49760874e-52, 1.67236385e-09, 1.73202282e-07),
       (2.44594123e-123, 1.04507331e-125, 8.42935719e-035, 1.89931235e-015, 9.83129912e-31, 4.38820860e-52, 1.68954044e-09, 1.76737772e-07),
       (9.30676775e-122, 7.45979962e-124, 6.45786856e-034, 5.74529724e-015, 3.58828674e-30, 2.52024074e-51, 2.22108255e-09, 1.87940032e-07),
       (1.00813816e-121, 3.70295136e-113, 2.70719506e-033, 3.04368310e-014, 5.33707111e-30, 1.33322329e-50, 3.72831052e-09, 3.15409620e-07),
       (1.60290990e-121, 9.51515006e-112, 9.32232769e-032, 3.15592485e-014, 8.40248997e-30, 5.16414319e-50, 6.07291448e-09, 3.40461208e-07),
       (6.90645861e-121, 2.29435528e-110, 1.52720801e-031, 4.88038566e-014, 2.88335654e-29, 8.95633553e-50, 7.44892623e-09, 3.71065260e-07),
       (1.21740578e-119, 1.10913406e-109, 7.03806524e-030, 1.44613671e-012, 3.34086655e-29, 7.48231739e-49, 1.47759872e-08, 3.83212729e-07),
       (2.68751521e-119, 1.11983501e-109, 1.13715597e-026, 2.36527933e-012, 3.94661145e-29, 1.93749983e-47, 1.71780848e-08, 3.98225559e-07),
       (3.54887732e-118, 6.54465607e-106, 6.68501170e-025, 2.98845920e-012, 7.03999396e-28, 1.29010393e-46, 2.23915607e-08, 4.35365872e-07),
       (1.97046485e-103, 3.28546415e-104, 1.82966588e-024, 3.00041698e-012, 2.07704558e-27, 1.09668610e-45, 2.57232813e-08, 6.04594432e-07),
       (2.46371290e-102, 1.20516262e-100, 1.75922079e-023, 2.00015229e-011, 3.53499799e-27, 2.98600413e-45, 2.61824819e-08, 6.11010906e-07),
       (3.30348720e-102, 6.45111601e-100, 1.86211222e-023, 2.02112615e-011, 1.02506593e-26, 1.27681381e-41, 3.30504840e-08, 9.46851749e-07),
       (1.10791091e-101, 1.30241536e-098, 1.04701110e-022, 5.07077228e-011, 2.62425853e-26, 5.56812874e-41, 4.81746753e-08, 9.68392563e-07),
       (6.52649235e-101, 1.74795730e-096, 1.75228473e-022, 5.66468833e-011, 3.57635887e-26, 7.28022401e-41, 5.20536867e-08, 1.07592825e-06),
       (1.42250761e-100, 6.78024415e-095, 2.18380982e-022, 6.07070345e-011, 1.73856775e-24, 2.05057126e-40, 5.21826847e-08, 1.18266652e-06),
       (5.52578535e-100, 1.61884374e-092, 5.33634120e-022, 8.84101759e-011, 2.93895867e-24, 4.28760485e-40, 6.31417700e-08, 1.58628565e-06),
       (2.62682816e-099, 2.44831188e-085, 2.96471846e-021, 2.65529974e-010, 6.47973657e-24, 4.35372813e-40, 6.39231995e-08, 1.68042447e-06),
       (5.44042912e-097, 1.78939623e-084, 3.93930813e-021, 3.06396825e-010, 1.14383452e-22, 8.45001410e-39, 6.85594610e-08, 2.01641019e-06),
       (1.81545367e-094, 2.93891932e-081, 7.86935348e-020, 6.14454475e-010, 2.20793477e-22, 1.00419174e-38, 7.42442825e-08, 2.54042270e-06),
       (8.18708013e-093, 1.35728009e-079, 1.00669419e-019, 1.22937301e-009, 6.12817838e-22, 1.22690804e-38, 8.69092200e-08, 3.26577893e-06),
       (2.48706358e-092, 1.57148889e-078, 5.60626955e-019, 2.06323264e-009, 7.09152997e-22, 4.15456040e-38, 9.82616004e-08, 3.60775482e-06),
       (6.49275094e-092, 1.12507938e-077, 6.51258008e-019, 5.79841793e-009, 8.76884075e-22, 1.47341786e-37, 1.03958749e-07, 6.39315937e-06),
       (4.51362190e-087, 1.42111652e-077, 1.49348675e-018, 8.93718818e-009, 8.91699507e-22, 4.84661532e-37, 1.10041498e-07, 8.56429701e-06),
       (1.42033131e-085, 1.19779824e-076, 5.52363816e-018, 1.37976536e-008, 3.86830879e-21, 6.28586911e-37, 1.21195744e-07, 8.90974449e-06),
       (1.81837385e-084, 6.03195491e-074, 1.01585245e-017, 1.53788986e-008, 3.12672984e-20, 1.53734959e-36, 1.24076112e-07, 8.98041363e-06),
       (5.56331909e-081, 3.55181428e-073, 4.77574339e-017, 2.43082692e-008, 6.08682556e-20, 3.66734007e-36, 1.56397793e-07, 9.07308451e-06),
       (1.24914489e-078, 9.00214835e-073, 6.96902495e-017, 2.58193198e-008, 1.04551336e-19, 6.56601493e-35, 1.85453311e-07, 9.64099663e-06),
       (3.22151056e-075, 6.37409163e-071, 2.05958862e-016, 4.96468582e-008, 5.78666461e-19, 7.36829830e-35, 2.14309016e-07, 1.09401196e-05),
       (1.21865388e-073, 3.06966202e-069, 2.31618611e-016, 5.35858863e-008, 1.91682254e-18, 1.09118328e-34, 2.31408008e-07, 1.22136624e-05),
       (3.04269706e-073, 3.40955181e-068, 2.81947116e-016, 6.62919419e-008, 2.71654673e-18, 2.19345195e-34, 2.53968935e-07, 1.96473360e-05),
       (2.29712323e-072, 9.14047546e-068, 3.82407666e-016, 6.87498389e-008, 2.90417805e-18, 3.58717331e-34, 3.07964158e-07, 2.98611325e-05),
       (2.87863318e-070, 1.33682338e-066, 5.32619971e-016, 8.62777365e-008, 3.00416704e-18, 1.00310107e-33, 3.07964158e-07, 3.19092182e-05),
       (1.18985710e-069, 6.89601995e-066, 6.00646951e-016, 9.15524799e-008, 6.15299402e-18, 1.69649438e-33, 3.38667528e-07, 5.26280001e-05),
       (2.96301726e-064, 1.05703262e-065, 6.89592157e-016, 1.97195073e-007, 4.11104445e-17, 2.77250387e-32, 3.55416806e-07, 5.29342268e-05),
       (5.59453469e-064, 1.40629259e-064, 1.18075815e-015, 2.17826323e-007, 1.05043845e-16, 4.28660702e-32, 3.99126140e-07, 6.08106621e-05),
       (1.18390849e-063, 1.26273517e-063, 1.27061412e-015, 2.26222074e-007, 1.33069010e-16, 6.43286256e-32, 5.03489362e-07, 6.71439758e-05),
       (8.90036842e-062, 2.17833739e-063, 1.29321060e-015, 2.90590494e-007, 2.44696323e-16, 2.05745985e-31, 7.12228598e-07, 7.02885270e-05),
       (5.80491895e-061, 3.11682171e-061, 1.32191134e-015, 3.36810126e-007, 3.00511462e-16, 4.92328770e-31, 7.15871319e-07, 7.24273111e-05),
       (2.22039334e-060, 6.05428052e-061, 6.59385957e-015, 4.51264724e-007, 8.36735316e-16, 5.61098984e-31, 8.43818113e-07, 7.31538154e-05),
       (9.06523309e-059, 3.10375262e-058, 1.07438339e-014, 4.96254477e-007, 1.19359744e-15, 7.91331082e-31, 9.94201819e-07, 7.71646276e-05),
       (3.93786928e-058, 4.32135219e-058, 1.09942366e-014, 8.44560420e-007, 2.73081939e-15, 1.24670625e-30, 1.19654703e-06, 8.21938829e-05),
       (8.74402205e-057, 4.68190355e-058, 1.65071278e-014, 1.21714049e-006, 4.34307237e-15, 1.36752784e-30, 1.22616921e-06, 9.64607368e-05),
       (1.83265180e-056, 6.12956252e-057, 2.18653429e-014, 1.52072150e-006, 5.10068964e-15, 1.51331304e-30, 1.38594478e-06, 1.07963871e-04),
       (1.27314755e-054, 9.21733158e-057, 4.37398723e-014, 2.54771356e-006, 7.17561344e-15, 3.54652008e-30, 1.70388893e-06, 1.10015392e-04),
       (2.99249681e-054, 1.28431843e-054, 4.89338524e-014, 2.56629691e-006, 1.10297288e-14, 5.22803517e-30, 1.83366070e-06, 1.22268169e-04),
       (1.02258821e-053, 4.77416100e-054, 1.50658726e-013, 2.65492665e-006, 1.41413538e-14, 6.11404568e-29, 1.89066223e-06, 1.27538191e-04),
       (2.30305750e-053, 7.46921513e-054, 1.83407867e-013, 2.77297002e-006, 4.14218447e-14, 1.43386440e-28, 1.96216900e-06, 1.50114833e-04),
       (8.39754623e-052, 1.37442513e-053, 2.32978878e-013, 3.11531573e-006, 5.18519304e-14, 3.01735397e-28, 1.97075040e-06, 1.60617614e-04),
       (3.64650284e-051, 1.88253636e-052, 3.32829588e-013, 4.11465115e-006, 8.51023469e-14, 3.97688946e-28, 2.02300091e-06, 3.45922041e-04),
       (5.71714674e-051, 9.69189283e-052, 3.60806225e-013, 4.81625885e-006, 9.71422517e-14, 4.35794047e-28, 2.12920534e-06, 3.53648993e-04),
       (2.98942266e-049, 1.71428559e-051, 3.82483128e-013, 4.88960184e-006, 1.14578423e-13, 5.00598809e-28, 2.19738553e-06, 3.61302801e-04),
       (3.06723946e-048, 2.05597738e-051, 3.94739698e-013, 5.09952828e-006, 1.61061280e-13, 5.58509294e-28, 2.28246620e-06, 3.72230453e-04),
       (3.58226276e-048, 4.14881797e-051, 4.66347973e-013, 6.58320368e-006, 2.02127141e-13, 9.72208506e-28, 2.45291296e-06, 3.73920193e-04),
       (2.58313270e-046, 3.59150849e-049, 5.77651146e-013, 7.53043130e-006, 2.46095952e-13, 1.48934957e-27, 3.62875190e-06, 3.75131538e-04),
       (6.57079565e-045, 4.49381002e-048, 8.25263157e-013, 7.75698668e-006, 2.70496750e-13, 2.09526199e-27, 3.68517241e-06, 3.78298224e-04),
       (1.98600566e-044, 9.56617906e-048, 9.94587737e-013, 7.98107862e-006, 5.71399851e-13, 6.73047173e-27, 5.12390627e-06, 3.93240148e-04),
       (1.48537176e-043, 7.04139433e-047, 1.36537423e-012, 8.12730534e-006, 6.16819308e-13, 6.74643307e-27, 5.18608413e-06, 4.06895771e-04),
       (2.54465259e-043, 9.78954794e-047, 2.24709476e-012, 8.50336663e-006, 1.06290077e-12, 7.04858049e-27, 5.66858753e-06, 4.26157313e-04),
       (7.89781647e-043, 4.03718836e-046, 2.25015955e-012, 8.59433271e-006, 1.81595265e-12, 8.80905488e-27, 6.75158195e-06, 4.32487555e-04),
       (1.98574662e-042, 8.83391072e-046, 4.92823443e-012, 9.41212089e-006, 3.22391452e-12, 9.50085885e-27, 6.97555657e-06, 4.37222736e-04),
       (2.44787646e-042, 8.87997432e-046, 6.64033227e-012, 9.42787958e-006, 3.23755604e-12, 1.82731273e-25, 8.66071945e-06, 4.66963032e-04),
       (7.92790617e-041, 1.52123053e-043, 9.37053295e-012, 9.70326678e-006, 4.04445538e-12, 6.13016046e-25, 8.66516137e-06, 4.82070887e-04),
       (9.49967266e-041, 1.88189076e-043, 1.65554451e-011, 1.01693468e-005, 6.60595811e-12, 7.34112202e-25, 9.03227772e-06, 4.99849439e-04),
       (1.35151782e-040, 8.64180511e-043, 1.69015469e-011, 1.04286467e-005, 6.71941299e-12, 6.12947184e-24, 1.10964014e-05, 5.81989251e-04),
       (5.14866011e-040, 1.10264500e-042, 1.78330452e-011, 1.33275515e-005, 1.08273674e-11, 7.41864540e-24, 1.18933964e-05, 6.34911142e-04),
       (3.20343860e-039, 1.03296230e-041, 3.74310862e-011, 1.62573259e-005, 1.78501508e-11, 3.25730125e-23, 1.32552834e-05, 6.86292260e-04),
       (8.64166913e-039, 1.28052688e-041, 4.01032470e-011, 1.63222917e-005, 2.14636301e-11, 3.35697036e-23, 1.35653895e-05, 7.70413522e-04),
       (1.60116551e-038, 5.43980239e-041, 8.51354225e-011, 1.65606230e-005, 3.58107559e-11, 3.96702169e-23, 1.39103070e-05, 8.10736265e-04),
       (1.48980737e-035, 6.57053041e-040, 9.07568704e-011, 2.15810793e-005, 4.65389357e-11, 4.73811071e-23, 1.75707309e-05, 1.00386839e-03),
       (6.89723620e-035, 8.10939257e-040, 1.06165192e-010, 2.16119828e-005, 4.66235778e-11, 4.87189612e-23, 1.81375141e-05, 1.16999544e-03),
       (9.31381476e-034, 3.03240142e-039, 1.38860169e-010, 2.79065507e-005, 5.65858880e-11, 7.06077129e-23, 2.08900703e-05, 1.22640332e-03),
       (1.02758243e-033, 3.14264880e-038, 1.86679299e-010, 2.87617472e-005, 1.23350391e-10, 8.56761255e-23, 2.10448968e-05, 1.57446720e-03),
       (1.65883409e-032, 7.19976338e-038, 2.39517463e-010, 2.96313795e-005, 2.78098525e-10, 9.58068514e-23, 2.28552770e-05, 1.82967408e-03),
       (1.98067347e-032, 5.40316422e-037, 2.79565696e-010, 3.06982201e-005, 3.21932260e-10, 1.06601113e-22, 2.69563524e-05, 1.85301599e-03)],
      dtype=[('CD4 T', '<f8'), ('CD14+ Monocytes', '<f8'), ('B', '<f8'), ('CD8 T', '<f8'), ('NK', '<f8'), ('FCGR3A+ Monocytes', '<f8'), ('Dendritic', '<f8'), ('Megakaryocytes', '<f8')]), 'pvals_adj': array([(7.01796658e-221, 2.62508999e-246, 6.82174140e-180, 6.67067982e-121, 1.98528801e-89, 3.37299560e-85, 1.48726065e-17, 5.17686468e-08),
       (6.72988504e-215, 1.68909838e-245, 3.83930395e-167, 4.57680762e-104, 8.29148269e-84, 7.84169335e-81, 1.73524608e-17, 5.17686468e-08),
       (3.22852941e-197, 1.47900494e-237, 1.36154444e-163, 4.94554292e-079, 1.01121823e-81, 1.00791254e-78, 2.56014508e-16, 7.03647341e-08),
       (1.00813632e-181, 1.93961705e-219, 4.40413988e-151, 1.15102965e-077, 3.44916256e-80, 8.16191696e-78, 3.19725490e-16, 1.08899970e-07),
       (1.76818424e-180, 4.09888485e-212, 5.45624487e-145, 1.00927109e-070, 2.06207971e-79, 1.34280898e-75, 8.06693489e-16, 3.03240298e-07),
       (2.01891810e-174, 1.25635489e-208, 8.63849844e-138, 4.30836636e-070, 1.65256695e-72, 6.85898911e-75, 8.06693489e-16, 4.03064544e-07),
       (4.22424303e-166, 2.64847536e-208, 9.99368076e-138, 5.82267142e-067, 8.33831902e-72, 4.05461409e-72, 9.97783957e-16, 4.03064544e-07),
       (1.12142553e-164, 7.21069393e-201, 2.77474176e-128, 2.26768300e-060, 1.12413700e-68, 1.02991740e-70, 1.38037904e-14, 4.03064544e-07),
       (3.56820420e-161, 7.11427783e-200, 5.22210123e-128, 3.96127795e-052, 4.21359779e-68, 2.49465431e-69, 2.75021777e-14, 4.18665000e-07),
       (8.87898948e-159, 1.59199870e-197, 1.65172533e-127, 1.72029708e-048, 5.06220743e-67, 1.24028159e-65, 1.65774087e-12, 1.31220251e-06),
       (1.24824039e-156, 9.12441807e-193, 2.28108410e-121, 1.19105307e-045, 1.36328386e-53, 5.19463687e-65, 1.94092563e-12, 1.54485646e-06),
       (8.08544895e-154, 7.65133705e-176, 1.07203022e-084, 7.06766058e-039, 6.87764693e-53, 1.48925133e-63, 2.25652076e-10, 1.54485646e-06),
       (8.08544895e-154, 3.16056350e-175, 5.20684740e-072, 1.30618309e-035, 1.88933642e-48, 8.52326023e-63, 4.03275404e-10, 1.62890579e-06),
       (2.43700103e-152, 5.52992052e-172, 1.13282150e-064, 3.79833788e-031, 1.80566331e-45, 3.95722451e-62, 4.82555851e-10, 1.89971919e-06),
       (4.98096229e-151, 3.66135310e-170, 7.29563646e-060, 2.88014537e-030, 8.97811987e-44, 2.80886293e-59, 1.21623629e-09, 2.66332829e-06),
       (9.81938653e-150, 2.74448649e-168, 6.46843477e-059, 3.40132335e-030, 2.96404350e-43, 3.77141999e-57, 1.39696303e-09, 2.66332829e-06),
       (3.75960826e-148, 8.79139501e-168, 5.38263518e-049, 1.95147548e-029, 1.49558606e-41, 1.51305229e-56, 2.01134290e-09, 2.66332829e-06),
       (6.62097678e-144, 1.17772310e-166, 2.56861212e-048, 4.19881057e-027, 8.40470472e-41, 3.63035354e-55, 2.68037188e-09, 2.66332829e-06),
       (5.44618268e-143, 2.60825627e-165, 1.12061411e-046, 8.76646426e-024, 2.71718435e-39, 1.01936026e-53, 2.90185580e-09, 2.66332829e-06),
       (1.04759683e-142, 4.74941835e-149, 2.10367122e-045, 6.06038412e-021, 1.69102343e-37, 9.29143136e-53, 4.16350924e-09, 3.53820083e-06),
       (6.33906751e-136, 3.17282135e-148, 2.26143816e-044, 1.58747853e-020, 6.15920459e-37, 3.02963382e-52, 3.00214846e-08, 3.95959683e-06),
       (8.69550544e-136, 1.41769322e-146, 2.44768441e-041, 4.82360786e-020, 7.21694279e-36, 5.91118218e-52, 8.45567649e-08, 7.59834773e-06),
       (1.12900609e-129, 3.18378301e-145, 8.84694524e-041, 7.50603887e-020, 5.97534691e-33, 8.91550488e-52, 9.59927677e-08, 1.66107585e-05),
       (5.19018048e-129, 6.85459501e-142, 5.68248426e-040, 1.60839217e-019, 1.09611003e-32, 1.20821339e-51, 1.28590125e-07, 1.66107585e-05),
       (1.26263111e-127, 1.38010071e-139, 1.18627304e-037, 8.87321795e-019, 8.40852204e-30, 1.49318369e-51, 2.58329325e-07, 1.82568262e-05),
       (2.21841923e-126, 2.16759603e-137, 9.38244673e-033, 8.57285154e-017, 1.03454374e-29, 1.73049081e-50, 4.42349933e-07, 2.33813870e-05),
       (9.27504700e-122, 1.15558797e-128, 1.31739837e-032, 3.93460469e-015, 3.24993868e-29, 9.51450175e-50, 6.81481104e-07, 2.86180253e-05),
       (7.98658050e-121, 3.41241320e-123, 2.18113593e-032, 5.54195096e-013, 2.21026945e-28, 1.62648359e-49, 6.81481104e-07, 2.88545452e-05),
       (2.96820960e-119, 2.37915563e-121, 1.64005943e-031, 1.54492169e-012, 7.81107372e-28, 9.09541620e-49, 8.70283603e-07, 3.03224658e-05),
       (3.14218335e-119, 1.12849500e-110, 6.75026782e-031, 7.72982778e-012, 1.14363427e-27, 4.68816004e-48, 1.42027918e-06, 4.80614169e-05),
       (4.88495698e-119, 2.77639932e-109, 2.24291933e-029, 7.86915516e-012, 1.77279612e-27, 1.77052649e-47, 2.25091754e-06, 5.13086265e-05),
       (2.05902551e-118, 6.55516425e-108, 3.61105701e-029, 1.17420366e-011, 5.99126540e-27, 2.99578501e-47, 2.61934806e-06, 5.41360529e-05),
       (3.55223466e-117, 3.07148346e-107, 1.63593266e-027, 3.19876110e-010, 6.83830505e-27, 2.44315478e-46, 4.94238751e-06, 5.53197829e-05),
       (7.67845491e-117, 3.07148346e-107, 2.32760553e-024, 5.14880011e-010, 7.95938669e-27, 6.17927271e-45, 5.60905369e-06, 5.68881803e-05),
       (9.93251094e-116, 1.69346063e-103, 1.25586644e-022, 6.23450281e-010, 1.32255448e-25, 4.02101937e-44, 7.14134565e-06, 6.09245671e-05),
       (5.19672210e-101, 8.04586702e-102, 3.39081594e-022, 6.23450281e-010, 3.79794707e-25, 3.34221180e-43, 7.80579471e-06, 8.29643918e-05),
       (6.37497334e-100, 2.80128816e-098, 3.21679386e-021, 3.95967487e-009, 6.29596915e-25, 8.90218709e-43, 7.80579471e-06, 8.29643918e-05),
       (8.38963397e-100, 1.47451008e-097, 3.36013249e-021, 3.95967487e-009, 1.80227617e-24, 3.18367721e-39, 9.64370930e-06, 1.26069174e-04),
       (2.76252550e-099, 2.83513082e-096, 1.81755826e-020, 9.52610563e-009, 4.44309648e-24, 1.31657444e-38, 1.37639062e-05, 1.27697458e-04),
       (1.59829136e-098, 3.68792099e-094, 2.93058936e-020, 1.04980454e-008, 5.98124213e-24, 1.69222020e-38, 1.43126668e-05, 1.40526477e-04),
       (3.42250340e-098, 1.38782490e-092, 3.60828529e-020, 1.11004836e-008, 2.64919091e-22, 4.68692238e-38, 1.43126668e-05, 1.51580267e-04),
       (1.30656242e-097, 3.21751059e-090, 8.41179118e-020, 1.59533836e-008, 4.42910761e-22, 9.63016574e-38, 1.68585146e-05, 1.94235012e-04),
       (6.10581719e-097, 4.47681988e-083, 4.41936402e-019, 4.60946590e-008, 9.55517283e-22, 9.63016574e-38, 1.68585146e-05, 2.00394271e-04),
       (1.22311549e-094, 3.22891841e-082, 5.80899695e-019, 5.18756304e-008, 1.63401527e-20, 1.78282298e-36, 1.77400839e-05, 2.34742294e-04),
       (3.89017682e-092, 5.16722303e-079, 1.14808844e-017, 9.79840544e-008, 3.05854722e-20, 2.08658872e-36, 1.88552980e-05, 2.90327974e-04),
       (1.70117601e-090, 2.32671740e-077, 1.45324255e-017, 1.89433949e-007, 8.40418384e-20, 2.51131595e-36, 2.12834472e-05, 3.67105674e-04),
       (5.09068506e-090, 2.66066650e-076, 7.92622480e-017, 3.04249166e-007, 9.53463157e-20, 8.25733932e-36, 2.36413963e-05, 3.95813996e-04),
       (1.30943509e-089, 1.88162666e-075, 9.11362481e-017, 8.11423505e-007, 1.16753284e-19, 2.80645175e-35, 2.45808669e-05, 6.79657268e-04),
       (8.47942613e-085, 2.34809542e-075, 2.00800758e-016, 1.22564599e-006, 1.17584299e-19, 8.86219766e-35, 2.55781203e-05, 8.76498277e-04),
       (2.63221941e-083, 1.93254177e-074, 7.14633714e-016, 1.83709729e-006, 4.86697126e-19, 1.11953778e-34, 2.72471875e-05, 9.05098044e-04),
       (3.32495720e-082, 9.61886392e-072, 1.28994450e-015, 2.02794437e-006, 3.79468787e-18, 2.66876105e-34, 2.74448356e-05, 9.05569062e-04),
       (9.78145615e-079, 5.59880242e-071, 5.74513552e-015, 3.08670003e-006, 7.19609705e-18, 5.91692961e-34, 3.40450688e-05, 9.08235628e-04),
       (2.14134662e-076, 1.38714003e-070, 8.31071375e-015, 3.24849681e-006, 1.22548464e-17, 1.00051476e-32, 3.97391673e-05, 9.58091506e-04),
       (5.19762304e-073, 9.50155355e-069, 2.39366088e-014, 6.02528330e-006, 6.55853871e-17, 1.11042685e-32, 4.52159052e-05, 1.07166286e-03),
       (1.92099072e-071, 4.47844095e-067, 2.66925851e-014, 6.39023343e-006, 2.13717921e-16, 1.62657474e-32, 4.80837791e-05, 1.18793025e-03),
       (4.74176676e-071, 4.87068682e-066, 3.19555599e-014, 7.77032214e-006, 3.00441306e-16, 3.23451614e-32, 5.19840294e-05, 1.80834608e-03),
       (3.53963461e-070, 1.27910694e-065, 4.26369003e-014, 7.99012958e-006, 3.18623183e-16, 5.23345689e-32, 6.12089923e-05, 2.64203594e-03),
       (4.38639727e-068, 1.85183796e-064, 5.89060507e-014, 9.86010732e-006, 3.26977355e-16, 1.41819877e-31, 6.12089923e-05, 2.78728037e-03),
       (1.79315387e-067, 9.09346324e-064, 6.53751768e-014, 1.02913993e-005, 6.59235625e-16, 2.35007313e-31, 6.54153026e-05, 4.39963628e-03),
       (4.27734934e-062, 1.38058527e-063, 7.44650932e-014, 2.11276033e-005, 4.30373005e-15, 3.76456614e-30, 6.76970288e-05, 4.39963628e-03),
       (7.90963389e-062, 1.81942421e-062, 1.26507166e-013, 2.31571333e-005, 1.07505320e-14, 5.76338517e-30, 7.49810395e-05, 4.99375701e-03),
       (1.65674705e-061, 1.60343983e-061, 1.34040016e-013, 2.38646886e-005, 1.34184441e-14, 8.48271895e-30, 9.33088258e-05, 5.48102669e-03),
       (1.22059653e-059, 2.74070817e-061, 1.35382368e-013, 2.99635943e-005, 2.44946377e-14, 2.66188721e-29, 1.29177096e-04, 5.70376840e-03),
       (7.80477044e-059, 3.85081918e-059, 1.37338576e-013, 3.42149191e-005, 2.98638709e-14, 6.19430894e-29, 1.29177096e-04, 5.84275379e-03),
       (2.95635672e-058, 7.34764629e-059, 6.60059782e-013, 4.55047384e-005, 8.08097755e-14, 6.99537406e-29, 1.50287294e-04, 5.86685043e-03),
       (1.18400578e-056, 3.66938478e-056, 1.05243527e-012, 4.93161877e-005, 1.14468499e-13, 9.77685987e-29, 1.72588402e-04, 6.15253316e-03),
       (5.09471126e-056, 5.06521572e-056, 1.06932596e-012, 8.27307257e-005, 2.58279014e-13, 1.52654728e-28, 2.05118075e-04, 6.47820063e-03),
       (1.11032887e-054, 5.44132417e-056, 1.58306819e-012, 1.15915727e-004, 4.07951332e-13, 1.65967052e-28, 2.07601044e-04, 7.51626446e-03),
       (2.30577861e-054, 6.94717524e-055, 2.08237022e-012, 1.42843662e-004, 4.75856175e-13, 1.82048904e-28, 2.31790814e-04, 8.30049718e-03),
       (1.55892370e-052, 1.03611873e-054, 4.13688696e-012, 2.32928959e-004, 6.60445387e-13, 4.19284279e-28, 2.78180153e-04, 8.38195050e-03),
       (3.59992116e-052, 1.42041475e-052, 4.59643049e-012, 2.33074145e-004, 1.00173311e-12, 6.12797217e-28, 2.95844975e-04, 9.26400925e-03),
       (1.20894610e-051, 5.23782751e-052, 1.39603633e-011, 2.39537264e-004, 1.27588504e-12, 6.92958863e-27, 3.01494673e-04, 9.55769812e-03),
       (2.67662124e-051, 8.12958859e-052, 1.68809093e-011, 2.46938383e-004, 3.66489793e-12, 1.61180462e-26, 3.07123534e-04, 1.10984855e-02),
       (9.36292268e-050, 1.48416270e-051, 2.11594194e-011, 2.75635097e-004, 4.55831650e-12, 3.33709615e-26, 3.07123534e-04, 1.16545500e-02),
       (4.00065119e-049, 1.98593105e-050, 2.98328429e-011, 3.52677037e-004, 7.24902848e-12, 4.36312497e-26, 3.11723984e-04, 2.40810907e-02),
       (6.22261511e-049, 1.01461541e-049, 3.21304972e-011, 4.02744963e-004, 8.22351136e-12, 4.74323775e-26, 3.24443578e-04, 2.43715693e-02),
       (3.17805754e-047, 1.78103883e-049, 3.38411201e-011, 4.06399997e-004, 9.64005209e-12, 5.40567880e-26, 3.31153244e-04, 2.47745331e-02),
       (3.18667591e-046, 2.11997547e-049, 3.47016681e-011, 4.21294764e-004, 1.33866327e-11, 5.98390348e-26, 3.40236321e-04, 2.52184015e-02),
       (3.69377079e-046, 4.24603654e-049, 4.04778234e-011, 5.34213345e-004, 1.66986242e-11, 1.02560519e-25, 3.61712348e-04, 2.52184015e-02),
       (2.53036299e-044, 3.54344946e-047, 4.98233196e-011, 6.00420552e-004, 2.02093406e-11, 1.54734394e-25, 5.29411739e-04, 2.52184015e-02),
       (6.34590786e-043, 4.40200790e-046, 6.98620922e-011, 6.14909337e-004, 2.20809073e-11, 2.16048292e-25, 5.31983730e-04, 2.52822372e-02),
       (1.87835045e-042, 9.23877322e-046, 8.31693672e-011, 6.29037426e-004, 4.58255997e-11, 6.70439008e-25, 7.17033170e-04, 2.59273817e-02),
       (1.38574070e-041, 6.70595013e-045, 1.12124205e-010, 6.34469253e-004, 4.91805813e-11, 6.70439008e-25, 7.18403614e-04, 2.66993713e-02),
       (2.35793011e-041, 9.25888693e-045, 1.80460164e-010, 6.58842768e-004, 8.28217109e-11, 6.95426135e-25, 7.77390094e-04, 2.78301018e-02),
       (7.22071034e-041, 3.76639464e-044, 1.80460164e-010, 6.62149881e-004, 1.40700422e-10, 8.62909847e-25, 9.16744503e-04, 2.79770487e-02),
       (1.79161376e-040, 8.17315221e-044, 3.77574341e-010, 7.14331163e-004, 2.48043819e-10, 9.24076441e-25, 9.37870419e-04, 2.81505756e-02),
       (2.19412927e-040, 8.17315221e-044, 5.03124402e-010, 7.14331163e-004, 2.48043819e-10, 1.72825977e-23, 1.14263484e-03, 2.99249113e-02),
       (7.01440679e-039, 1.36353957e-041, 7.02226715e-010, 7.31157146e-004, 3.08142562e-10, 5.75815210e-23, 1.14263484e-03, 3.07493960e-02),
       (8.35118659e-039, 1.67586038e-041, 1.22725067e-009, 7.57947949e-004, 4.97769832e-10, 6.84871751e-23, 1.17970149e-03, 3.17358111e-02),
       (1.18055512e-038, 7.54864429e-041, 1.24617104e-009, 7.73072764e-004, 5.03552075e-10, 5.49408998e-22, 1.42220606e-03, 3.66119293e-02),
       (4.46890663e-038, 9.51048648e-041, 1.30782023e-009, 9.67058418e-004, 8.06991934e-10, 6.60644825e-22, 1.49789923e-03, 3.86985396e-02),
       (2.74574731e-037, 8.74447220e-040, 2.71603131e-009, 1.17195764e-003, 1.31611273e-09, 2.86350188e-21, 1.65257234e-03, 4.16451861e-02),
       (7.36098450e-037, 1.07737090e-039, 2.89461016e-009, 1.17195764e-003, 1.57407606e-09, 2.93232430e-21, 1.67599776e-03, 4.63396975e-02),
       (1.35545579e-036, 4.54886890e-039, 5.95687339e-009, 1.17674810e-003, 2.59845876e-09, 3.42161858e-21, 1.70326741e-03, 4.83410310e-02),
       (1.22342625e-033, 5.36358655e-038, 6.31796813e-009, 1.49690269e-003, 3.34762170e-09, 4.06115315e-21, 2.11372810e-03, 5.90860564e-02),
       (5.56404101e-033, 6.58060413e-038, 7.27974722e-009, 1.49690269e-003, 3.34762170e-09, 4.14988716e-21, 2.16293799e-03, 6.82779468e-02),
       (7.38321709e-032, 2.43195047e-037, 9.24431243e-009, 1.91355218e-003, 4.04176494e-09, 5.97724799e-21, 2.46674970e-03, 7.12665047e-02),
       (8.09900311e-032, 2.49123038e-036, 1.23082688e-008, 1.96238110e-003, 8.63075134e-09, 7.20835819e-21, 2.46674970e-03, 9.03441136e-02),
       (1.27804779e-030, 5.64214600e-036, 1.57164713e-008, 2.01170662e-003, 1.92618342e-08, 8.01155586e-21, 2.65624804e-03, 1.04116807e-01),
       (1.51748357e-030, 4.21017012e-035, 1.81704453e-008, 2.07386892e-003, 2.21858242e-08, 8.86016765e-21, 3.05520179e-03, 1.04142444e-01)],
      dtype=[('CD4 T', '<f8'), ('CD14+ Monocytes', '<f8'), ('B', '<f8'), ('CD8 T', '<f8'), ('NK', '<f8'), ('FCGR3A+ Monocytes', '<f8'), ('Dendritic', '<f8'), ('Megakaryocytes', '<f8')]), 'scores': array([(31.97336  , 33.753277 , 28.874624 , 23.71658  , 20.440907 , 19.959892 , 9.400656 , 6.6878376),
       (31.534292 , 33.69272  , 27.834063 , 22.016478 , 19.79004  , 19.441631 , 9.365183 , 6.6878376),
       (30.203686 , 33.141335 , 27.533634 , 19.219864 , 19.538563 , 19.182884 , 9.059811 , 6.6200156),
       (28.992897 , 31.854746 , 26.463242 , 19.048862 , 19.350672 , 19.06685  , 9.020924 , 6.535196 ),
       (28.89104  , 31.317575 , 25.923912 , 18.186325 , 19.252188 , 18.79181  , 8.894787 , 6.3312206),
       (28.39933  , 31.057058 , 25.273188 , 18.100784 , 18.404676 , 18.699453 , 8.894236 , 6.25456  ),
       (27.714882 , 31.029993 , 25.263664 , 17.693928 , 18.311596 , 18.350811 , 8.859975 , 6.236882 ),
       (27.59414  , 30.471024 , 24.385656 , 16.81227  , 17.910097 , 18.169436 , 8.552179 , 6.228723 ),
       (27.296375 , 30.390821 , 24.356476 , 15.642204 , 17.831926 , 17.989264 , 8.462948 , 6.213255 ),
       (27.089905 , 30.210175 , 24.306189 , 15.09465  , 17.688225 , 17.507038 , 7.962036 , 5.9956813),
       (26.905155 , 29.843548 , 23.715504 , 14.652278 , 15.838428 , 17.421352 , 7.933944 , 5.946048 ),
       (26.660912 , 28.507399 , 19.837717 , 13.547069 , 15.732705 , 17.224558 , 7.3119636, 5.941968 ),
       (26.660395 , 28.455652 , 18.304682 , 12.978551 , 15.0616865, 17.119791 , 7.217554 , 5.92684  ),
       (26.530916 , 28.19043  , 17.357378 , 12.1614685, 14.591958 , 17.026834 , 7.1857166, 5.867177 ),
       (26.415558 , 28.039665 , 16.704102 , 11.986139 , 14.317468 , 16.63494  , 7.0512075, 5.794766 ),
       (26.301126 , 27.883732 , 16.568403 , 11.968302 , 14.231571 , 16.33272  , 7.0250993, 5.786947 ),
       (26.160929 , 27.840334 , 15.118837 , 11.818546 , 13.949626 , 16.244904 , 6.967484 , 5.7815075),
       (25.783674 , 27.74549  , 15.013462 , 11.354528 , 13.821159 , 16.046085 , 6.9206643, 5.767229 ),
       (25.700577 , 27.632223 , 14.756884 , 10.661908 , 13.561904 , 15.8299885, 6.903369 , 5.7651896),
       (25.67383  , 26.241215 , 14.55383  , 10.024204 , 13.247167 , 15.687928 , 6.846084 , 5.7053566),
       (25.05787  , 26.167406 , 14.388606 ,  9.924995 , 13.147819 , 15.610392 , 6.551618 , 5.670681 ),
       (25.044008 , 26.020615 , 13.895106 ,  9.806546 , 12.95112  , 15.565444 , 6.389458 , 5.51209  ),
       (24.47394  , 25.898273 , 13.799104 ,  9.758485 , 12.416186 , 15.536956 , 6.364451 , 5.34925  ),
       (24.410452 , 25.599394 , 13.6591   ,  9.677634 , 12.364325 , 15.515357 , 6.3139963, 5.34772  ),
       (24.277287 , 25.388004 , 13.259431 ,  9.498217 , 11.809294 , 15.499719 , 6.1998677, 5.322223 ),
       (24.158037 , 25.186089 , 12.376815 ,  8.997321 , 11.790385 , 15.335677 , 6.1094236, 5.2700396),
       (23.711058 , 24.373262 , 12.347976 ,  8.549737 , 11.690713 , 15.222762 , 6.026801 , 5.226015 ),
       (23.619225 , 23.84868  , 12.305803 ,  7.9477487, 11.525349 , 15.185852 , 6.025149 , 5.2222753),
       (23.464933 , 23.66936  , 12.140313 ,  7.8094172, 11.413305 , 15.070805 , 5.980753 , 5.210887 ),
       (23.46153  , 22.606945 , 12.022481 ,  7.5964484, 11.378731 , 14.96035  , 5.8958173, 5.1139984),
       (23.441793 , 22.463171 , 11.72651  ,  7.5917587, 11.339078 , 14.869964 , 5.8147373, 5.0995502),
       (23.379515 , 22.321316 , 11.684643 ,  7.535079 , 11.230654 , 14.833055 , 5.7804766, 5.0832324),
       (23.256683 , 22.250753 , 11.354576 ,  7.0795593, 11.217635 , 14.6899   , 5.6641445, 5.077113 ),
       (23.222672 , 22.250322 , 10.689718 ,  7.011055 , 11.202887 , 14.467734 , 5.638256 , 5.069804 ),
       (23.111488 , 21.857857 , 10.305059 ,  6.978266 , 10.944765 , 14.3367195, 5.592428 , 5.052806 ),
       (21.59572  , 21.678335 , 10.2078   ,  6.9777045, 10.846281 , 14.187387 , 5.5683026, 4.9897437),
       (21.478687 , 21.2972   ,  9.985774 ,  6.7060122, 10.797553 , 14.11696  , 5.565218 , 4.987704 ),
       (21.465057 , 21.218454 ,  9.980136 ,  6.7044888, 10.699339 , 13.514928 , 5.524458 , 4.9023743),
       (21.40873  , 21.076666 ,  9.807331 ,  6.568843 , 10.6118765, 13.406114 , 5.457919 , 4.897955 ),
       (21.325914 , 20.843445 ,  9.755216 ,  6.552328 , 10.58292  , 13.3862095, 5.444149 , 4.8772173),
       (21.289429 , 20.667603 ,  9.732853 ,  6.5419865, 10.212755 , 13.309055 , 5.443708 , 4.8585196),
       (21.225733 , 20.401585 ,  9.641574 ,  6.4855475, 10.161703 , 13.253828 , 5.409668 , 4.800047 ),
       (21.152323 , 19.5766   ,  9.463969 ,  6.3176737, 10.084343 , 13.25268  , 5.4074645, 4.7884884),
       (20.89924  , 19.474997 ,  9.434216 ,  6.295507 ,  9.7984   , 13.028272 , 5.394906 , 4.751773 ),
       (20.620003 , 19.09207  ,  9.114968 ,  6.1866775,  9.731735 , 13.015094 , 5.3805847, 4.7048583),
       (20.434895 , 18.890818 ,  9.088224 ,  6.076365 ,  9.627363 , 12.9997835, 5.352163 , 4.6533546),
       (20.380577 , 18.761087 ,  8.899571 ,  5.9927487,  9.612345 , 12.90617  , 5.32991  , 4.632787 ),
       (20.333551 , 18.656172 ,  8.882923 ,  5.82247  ,  9.590466 , 12.808292 , 5.3196645, 4.512952 ),
       (19.779022 , 18.643682 ,  8.790159 ,  5.749757 ,  9.588737 , 12.715554 , 5.309309 , 4.450569 ),
       (19.604322 , 18.529325 ,  8.642002 ,  5.6758814,  9.436122 , 12.695213 , 5.291683 , 4.4420705),
       (19.474173 , 18.191454 ,  8.572133 ,  5.657282 ,  9.21452  , 12.625003 , 5.287387 , 4.4403706),
       (19.058706 , 18.094025 ,  8.39209  ,  5.578155 ,  9.142778 , 12.556379 , 5.244864 , 4.438161 ),
       (18.773287 , 18.04271  ,  8.347555 ,  5.567653 ,  9.084109 , 12.325956 , 5.213357 , 4.425072 ),
       (18.351326 , 17.805777 ,  8.218561 ,  5.4525704,  8.896055 , 12.31666  , 5.186477 , 4.3977056),
       (18.15287  , 17.58753  ,  8.204466 ,  5.438982 ,  8.762079 , 12.2849455, 5.1721563, 4.373739 ),
       (18.102547 , 17.450546 ,  8.180808 ,  5.400942 ,  8.722696 , 12.228352 , 5.1547503, 4.2688613),
       (17.990873 , 17.394129 ,  8.144007 ,  5.394408 ,  8.715133 , 12.188325 , 5.118507 , 4.174523 ),
       (17.72117  , 17.23972  ,  8.103815 ,  5.353482 ,  8.711297 , 12.104227 , 5.118507 , 4.1593947),
       (17.641163 , 17.14461  ,  8.089186 ,  5.342739 ,  8.629668 , 12.061029 , 5.10055  , 4.0436387),
       (16.92461  , 17.119764 ,  8.072348 ,  5.2019625,  8.409688 , 11.828747 , 5.091407 , 4.042279 ),
       (16.887146 , 16.968435 ,  8.006441 ,  5.1834435,  8.298941 , 11.79211  , 5.069374 , 4.0096426),
       (16.842852 , 16.839037 ,  7.997412 ,  5.1763887,  8.270795 , 11.757881 , 5.024978 , 3.9861858),
       (16.585312 , 16.806738 ,  7.9952407,  5.12945  ,  8.197864 , 11.659292 , 4.957999 , 3.975307 ),
       (16.472271 , 16.509846 ,  7.9925356,  5.101591 ,  8.173121 , 11.584763 , 4.957008 , 3.9681678),
       (16.390924 , 16.469727 ,  7.7920346,  5.0459538,  8.048707 , 11.573553 , 4.92495  , 3.9657881),
       (16.163893 , 16.087862 ,  7.7301283,  5.0277553,  8.00511  , 11.544025 , 4.8927827, 3.9530396),
       (16.073116 , 16.067354 ,  7.727195 ,  4.9247785,  7.902629 , 11.504874 , 4.8562083, 3.9379115),
       (15.879812 , 16.062386 ,  7.6752696,  4.8528266,  7.8446083, 11.496891 , 4.8513613, 3.8993263),
       (15.833328 , 15.90208  ,  7.639154 ,  4.808493 ,  7.824404 , 11.488142 , 4.8270154, 3.8719594),
       (15.56427  , 15.876505 ,  7.549361 ,  4.7042737,  7.7813473, 11.414324 , 4.785704 , 3.8673701),
       (15.509489 , 15.563711 ,  7.534732 ,  4.7027907,  7.726784 , 11.380531 , 4.770942 , 3.8415332),
       (15.430385 , 15.479466 ,  7.386575 ,  4.695856 ,  7.6950727, 11.164051 , 4.7647734, 3.8311646),
       (15.377897 , 15.450645 ,  7.360365 ,  4.6869574,  7.5564504, 11.088045 , 4.7572823, 3.7908795),
       (15.143238 , 15.411289 ,  7.3283644,  4.663067 ,  7.5271697, 11.02128  , 4.7564006, 3.7740514),
       (15.04638  , 15.241243 ,  7.2804008,  4.6055055,  7.46218  , 10.996401 , 4.751113 , 3.5782351),
       (15.016593 , 15.133809 ,  7.2695055,  4.572636 ,  7.4447308, 10.988144 , 4.7407575, 3.572456 ),
       (14.751941 , 15.096242 ,  7.2616196,  4.5694695,  7.4229054, 10.975622 , 4.7343683, 3.5668466),
       (14.593989 , 15.0842495,  7.257353 ,  4.560651 ,  7.3776884, 10.965725 , 4.726657 , 3.5590277),
       (14.583399 , 15.037838 ,  7.2347617,  4.506737 ,  7.3473816, 10.915474 , 4.712005 , 3.5578377),
       (14.2884445, 14.739553 ,  7.205656 ,  4.478117 ,  7.3210187, 10.876651 , 4.631586 , 3.5569878),
       (14.061257 , 14.567918 ,  7.156893 ,  4.4717836,  7.308323 , 10.845483 , 4.6283913, 3.554778 ),
       (13.982772 , 14.516205 ,  7.1312537,  4.465691 ,  7.207138 , 10.738255 , 4.5596495, 3.5445793),
       (13.838863 , 14.378691 ,  7.087519 ,  4.4618025,  7.196712 , 10.738036 , 4.5571156, 3.5355704),
       (13.80011  , 14.3558655,  7.018222 ,  4.452102 ,  7.122106 , 10.73399  , 4.5383883, 3.5233319),
       (13.718223 , 14.25731  ,  7.0180316,  4.449817 ,  7.0479326, 10.713375 , 4.5013733, 3.5194223),
       (13.651202 , 14.20255  ,  6.907628 ,  4.4302564,  6.967601 , 10.706376 , 4.494433 , 3.5165327),
       (13.635948 , 14.202185 ,  6.865189 ,  4.4298954,  6.9670067, 10.429037 , 4.4481645, 3.4990249),
       (13.379876 , 13.837148 ,  6.815854 ,  4.423682 ,  6.9356194, 10.313388 , 4.4480543, 3.490526 ),
       (13.366426 , 13.821843 ,  6.7335663,  4.413541 ,  6.8659296, 10.296054 , 4.4391313, 3.480837 ),
       (13.34017  , 13.711693 ,  6.7305565,  4.4080896,  6.8634987, 10.089799 , 4.394625 , 3.439872 ),
       (13.24009  , 13.694002 ,  6.722747 ,  4.3546567,  6.7950516, 10.071044 , 4.379533 , 3.416245 ),
       (13.102083 , 13.530516 ,  6.6139054,  4.3109245,  6.722607 ,  9.9245   , 4.355848 , 3.3949976),
       (13.02656  , 13.514714 ,  6.603696 ,  4.310043 ,  6.6957035,  9.921493 , 4.3507805, 3.3632114),
       (12.979406 , 13.407843 ,  6.4912353,  4.306836 ,  6.62045  ,  9.904816 , 4.345272 , 3.349103 ),
       (12.444948 , 13.221764 ,  6.481597 ,  4.247872 ,  6.5816073,  9.887044 , 4.293716 , 3.2894404),
       (12.321988 , 13.205928 ,  6.457901 ,  4.247551 ,  6.5813375,  9.884255 , 4.2866654, 3.2460957),
       (12.110312 , 13.106246 ,  6.4171376,  4.1899095,  6.552489 ,  9.847018 , 4.255159 , 3.2326672),
       (12.102248 , 12.927653 ,  6.3719177,  4.1830554,  6.435151 ,  9.827552 , 4.253506 , 3.160596 ),
       (11.871788 , 12.8637495,  6.3335924,  4.176281 ,  6.3105206,  9.816288 , 4.234999 , 3.1165714),
       (11.856947 , 12.707054 ,  6.309706 ,  4.168224 ,  6.287831 ,  9.805515 , 4.197764 , 3.1128318)],
      dtype=[('CD4 T', '<f4'), ('CD14+ Monocytes', '<f4'), ('B', '<f4'), ('CD8 T', '<f4'), ('NK', '<f4'), ('FCGR3A+ Monocytes', '<f4'), ('Dendritic', '<f4'), ('Megakaryocytes', '<f4')])}"
